ID,Client_Income,Credit_Amount,Loan_Annuity,Client_Gender,Client_Income_Type,Client_Country,symboling,normalized-losses,make,num-of-doors,body-style,drive-wheels,engine-location,wheel-base,length,width,height,curb-weight,engine-type,num-of-cylinders,engine-size,fuel-system,bore,stroke,compression-ratio,horsepower,peak-rpm,city-mpg,highway-mpg,price,city-L/100km,horsepower-binned,diesel,gas
12142509,6750,61190.55,3416.85,Male,Commercial,USA,3,122,alfa-romero,two,convertible,rwd,front,88.6,0.811148486,0.890277778,0.816053512,2548,dohc,four,130,mpfi,3.47,2.68,9,111,5000,21,8.703703704,13495,11.19047619,Low,0,1
12138936,20250,15282,1826.55,Male,Service,China,3,122,alfa-romero,two,convertible,rwd,front,88.6,0.811148486,0.890277778,0.816053512,2548,dohc,four,130,mpfi,3.47,2.68,9,111,5000,21,8.703703704,16500,11.19047619,Low,0,1
12181264,18000,59527.35,2788.2,Male,Service,India,1,122,alfa-romero,two,hatchback,rwd,front,94.5,0.822681403,0.909722222,0.876254181,2823,ohcv,six,152,mpfi,2.68,3.47,9,154,5000,19,9.038461538,16500,12.36842105,Medium,0,1
12188929,15750,53870.4,2295.45,Male,Retired,Japan,2,164,audi,four,sedan,fwd,front,99.8,0.848630466,0.919444444,0.908026756,2337,ohc,four,109,mpfi,3.19,3.4,10,102,5500,24,7.833333333,13950,9.791666667,Low,0,1
12133385,33750,133988.4,3547.35,Female,Commercial,China,2,164,audi,four,sedan,4wd,front,99.4,0.848630466,0.922222222,0.908026756,2824,ohc,five,136,mpfi,3.19,3.4,8,115,5500,18,10.68181818,17450,13.05555556,Low,0,1
12191614,11250,13752,653.85,Female,Service,India,2,122,audi,two,sedan,fwd,front,99.8,0.851994234,0.920833333,0.887959866,2507,ohc,five,136,mpfi,3.19,3.4,8.5,110,5500,19,9.4,15250,12.36842105,Low,0,1
12128086,15750,128835,3779.55,Male,Retired,USA,1,158,audi,four,sedan,fwd,front,105.8,0.925997117,0.991666667,0.931438127,2844,ohc,five,136,mpfi,3.19,3.4,8.5,110,5500,19,9.4,17710,12.36842105,Low,0,1
12215264,13500,60415.2,3097.8,Male,Retired,Japan,1,122,audi,four,wagon,fwd,front,105.8,0.925997117,0.991666667,0.931438127,2954,ohc,five,136,mpfi,3.19,3.4,8.5,110,5500,19,9.4,18920,12.36842105,Low,0,1
12159147,13500,45000,1200.15,Female,Commercial,India,1,158,audi,four,sedan,fwd,front,105.8,0.925997117,0.991666667,0.934782609,3086,ohc,five,131,mpfi,3.13,3.4,8.3,140,5500,17,11.75,23875,13.82352941,Medium,0,1
12130547,12150,16320.15,1294.65,Male,Retired,USA,2,192,bmw,two,sedan,rwd,front,101.2,0.849591543,0.9,0.908026756,2395,ohc,four,108,mpfi,3.5,2.8,8.8,101,5800,23,8.103448276,16430,10.2173913,Low,0,1
12100935,27000,67500,3375,Male,Govt Job,China,0,192,bmw,four,sedan,rwd,front,101.2,0.849591543,0.9,0.908026756,2395,ohc,four,108,mpfi,3.5,2.8,8.8,101,5800,23,8.103448276,16925,10.2173913,Low,0,1
12191210,15750,149963.85,4397.85,Male,Service,USA,0,188,bmw,two,sedan,rwd,front,101.2,0.849591543,0.9,0.908026756,2710,ohc,six,164,mpfi,3.31,3.19,9,121,4250,21,8.392857143,20970,11.19047619,Medium,0,1
12128498,27000,28440,1913.4,Female,Service,USA,0,188,bmw,four,sedan,rwd,front,101.2,0.849591543,0.9,0.908026756,2765,ohc,six,164,mpfi,3.31,3.19,9,121,4250,21,8.392857143,21105,11.19047619,Medium,0,1
12130196,8100,90000,3826.35,Male,Retired,China,1,122,bmw,four,sedan,rwd,front,103.5,0.908217203,0.929166667,0.931438127,3055,ohc,six,164,mpfi,3.31,3.19,9,121,4250,20,9.4,24565,11.75,Medium,0,1
12196064,22500,100424.7,4666.5,Male,Service,USA,0,122,bmw,four,sedan,rwd,front,103.5,0.908217203,0.929166667,0.931438127,3230,ohc,six,209,mpfi,3.62,3.39,8,182,5400,16,10.68181818,30760,14.6875,Medium,0,1
12105180,45000,105493.5,4482.45,Female,Commercial,Japan,0,122,bmw,two,sedan,rwd,front,103.5,0.931283037,0.943055556,0.897993311,3380,ohc,six,209,mpfi,3.62,3.39,8,182,5400,16,10.68181818,41315,14.6875,Medium,0,1
12121919,11250,29713.05,2234.25,Male,Service,USA,0,122,bmw,four,sedan,rwd,front,110,0.946660259,0.984722222,0.941471572,3505,ohc,six,209,mpfi,3.62,3.39,8,182,5400,15,11.75,36880,15.66666667,Medium,0,1
12114826,13500,18000,900,Female,Service,China,2,121,chevrolet,two,hatchback,fwd,front,88.4,0.678039404,0.8375,0.889632107,1488,l,three,61,2bbl,2.91,3.03,9.5,48,5100,47,4.433962264,5151,5,Low,0,1
12106559,15750,45000,3007.35,Female,Service,India,1,98,chevrolet,two,hatchback,fwd,front,94.5,0.749159058,0.883333333,0.869565217,1874,ohc,four,90,2bbl,3.03,3.11,9.6,70,5400,38,5.465116279,6295,6.184210526,Low,0,1
12186490,9000,22500,2191.95,Male,Service,Japan,0,81,chevrolet,four,sedan,fwd,front,94.5,0.763094666,0.883333333,0.869565217,1909,ohc,four,90,2bbl,3.03,3.11,9.6,70,5400,38,5.465116279,6575,6.184210526,Low,0,1
12130242,18000,128835,4156.2,Male,Service,China,1,118,dodge,two,hatchback,fwd,front,93.7,0.755886593,0.886111111,0.849498328,1876,ohc,four,90,2bbl,2.97,3.23,9.41,68,5500,37,5.731707317,5572,6.351351351,Low,0,1
12141963,27000,38053.35,3064.05,Male,Service,India,1,118,dodge,two,hatchback,fwd,front,93.7,0.755886593,0.886111111,0.849498328,1876,ohc,four,90,2bbl,2.97,3.23,9.4,68,5500,31,6.184210526,6377,7.580645161,Low,0,1
12193649,15750,49121.1,4785.3,Male,Commercial,USA,1,118,dodge,two,hatchback,fwd,front,93.7,0.755886593,0.886111111,0.849498328,2128,ohc,four,98,mpfi,3.03,3.39,7.6,102,5500,24,7.833333333,7957,9.791666667,Low,0,1
12150320,18000,77368.05,3407.85,Male,Service,Japan,1,148,dodge,four,hatchback,fwd,front,93.7,0.755886593,0.886111111,0.846153846,1967,ohc,four,90,2bbl,2.97,3.23,9.4,68,5500,31,6.184210526,6229,7.580645161,Low,0,1
12190554,19350,111384,4732.2,Male,Commercial,India,1,148,dodge,four,sedan,fwd,front,93.7,0.755886593,0.886111111,0.846153846,1989,ohc,four,90,2bbl,2.97,3.23,9.4,68,5500,31,6.184210526,6692,7.580645161,Low,0,1
12105063,22500,89660.25,4745.25,Female,Service,USA,1,148,dodge,four,sedan,fwd,front,93.7,0.755886593,0.886111111,0.846153846,1989,ohc,four,90,2bbl,2.97,3.23,9.4,68,5500,31,6.184210526,7609,7.580645161,Low,0,1
12215890,31500,125640,3468.15,Female,Service,China,1,148,dodge,four,sedan,fwd,front,93.7,0.755886593,0.886111111,0.846153846,2191,ohc,four,98,mpfi,3.03,3.39,7.6,102,5500,24,7.833333333,8558,9.791666667,Low,0,1
12185118,11250,17064,965.7,Male,Retired,USA,-1,110,dodge,four,wagon,fwd,front,103.3,0.839019702,0.897222222,1,2535,ohc,four,122,2bbl,3.34,3.46,8.5,88,5000,24,7.833333333,8921,9.791666667,Low,0,1
12217297,21600,125956.35,5336.55,Male,Service,USA,3,145,dodge,two,hatchback,fwd,front,95.9,0.832292167,0.920833333,0.839464883,2811,ohc,four,156,mfi,3.6,3.9,7,145,5000,19,9.791666667,12964,12.36842105,Medium,0,1
12190755,27000,38152.8,1868.4,Female,Service,China,2,137,honda,two,hatchback,fwd,front,86.6,0.694858241,0.8875,0.849498328,1713,ohc,four,92,1bbl,2.91,3.41,9.6,58,4800,49,4.351851852,6479,4.795918367,Low,0,1
12162956,20250,157500,8001,Male,Commercial,USA,2,137,honda,two,hatchback,fwd,front,86.6,0.694858241,0.8875,0.849498328,1819,ohc,four,92,1bbl,2.91,3.41,9.2,76,6000,31,6.184210526,6855,7.580645161,Low,0,1
12108653,22500,43787.7,2248.65,Male,Service,Japan,1,101,honda,two,hatchback,fwd,front,93.7,0.720807304,0.888888889,0.879598662,1837,ohc,four,79,1bbl,2.91,3.07,10.1,60,5500,38,5.595238095,5399,6.184210526,Low,0,1
12199634,11250,18000,900,Male,Service,USA,1,101,honda,two,hatchback,fwd,front,93.7,0.720807304,0.888888889,0.879598662,1940,ohc,four,92,1bbl,2.91,3.41,9.2,76,6000,30,6.911764706,6529,7.833333333,Low,0,1
12190165,15750,20250,1306.8,Female,Service,China,1,101,honda,two,hatchback,fwd,front,93.7,0.720807304,0.888888889,0.879598662,1956,ohc,four,92,1bbl,2.91,3.41,9.2,76,6000,30,6.911764706,7129,7.833333333,Low,0,1
12191511,4500,15282,1709.55,Male,Service,India,0,110,honda,four,sedan,fwd,front,96.5,0.785199423,0.888888889,0.911371237,2010,ohc,four,92,1bbl,2.91,3.41,9.2,76,6000,30,6.911764706,7295,7.833333333,Low,0,1
12184202,18000,67500,2615.4,Female,Service,Japan,0,78,honda,four,wagon,fwd,front,96.5,0.754925517,0.8875,0.974916388,2024,ohc,four,92,1bbl,2.92,3.41,9.2,76,6000,30,6.911764706,7295,7.833333333,Low,0,1
12111337,35550,77968.8,3316.5,Male,Service,China,0,106,honda,two,hatchback,fwd,front,96.5,0.80490149,0.905555556,0.891304348,2236,ohc,four,110,1bbl,3.15,3.58,9,86,5800,27,7.121212121,7895,8.703703704,Low,0,1
12167766,32480.55,13500,675,Male,Commercial,India,0,106,honda,two,hatchback,fwd,front,96.5,0.80490149,0.905555556,0.891304348,2289,ohc,four,110,1bbl,3.15,3.58,9,86,5800,27,7.121212121,9095,8.703703704,Low,0,1
12158409,13500,201384,5325.3,Male,Retired,USA,0,85,honda,four,sedan,fwd,front,96.5,0.842864008,0.905555556,0.904682274,2304,ohc,four,110,1bbl,3.15,3.58,9,86,5800,27,7.121212121,8845,8.703703704,Low,0,1
12111355,12150,25128,1712.7,Male,Service,Japan,0,85,honda,four,sedan,fwd,front,96.5,0.842864008,0.868055556,0.904682274,2372,ohc,four,110,1bbl,3.15,3.58,9,86,5800,27,7.121212121,10295,8.703703704,Low,0,1
12117444,13950,80865,2621.7,Male,Service,India,0,85,honda,four,sedan,fwd,front,96.5,0.842864008,0.905555556,0.904682274,2465,ohc,four,110,mpfi,3.15,3.58,9,101,5800,24,8.392857143,12945,9.791666667,Low,0,1
12129649,15750,60415.2,2572.65,Male,Retired,USA,1,107,honda,two,sedan,fwd,front,96.5,0.812590101,0.916666667,0.852842809,2293,ohc,four,110,2bbl,3.15,3.58,9.1,100,5500,25,7.580645161,10345,9.4,Low,0,1
12156911,31500,52823.25,4248,Female,Service,China,0,122,isuzu,four,sedan,rwd,front,94.3,0.820278712,0.858333333,0.894648829,2337,ohc,four,111,2bbl,3.31,3.23,8.5,78,4800,24,8.103448276,6785,9.791666667,Low,0,1
12217522,9000,9000,2621.7,Male,Service,USA,2,122,isuzu,two,hatchback,rwd,front,96,0.829408938,0.905555556,0.859531773,2734,ohc,four,119,spfi,3.43,3.23,9.2,90,5000,24,8.103448276,11048,9.791666667,Low,0,1
12214917,22500,82567.35,3511.35,Male,Retired,USA,0,145,jaguar,four,sedan,rwd,front,113,0.959154253,0.966666667,0.882943144,4066,dohc,six,258,mpfi,3.63,4.17,8.1,176,4750,15,12.36842105,32250,15.66666667,Medium,0,1
12130231,22500,125640,4464.45,Female,Commercial,China,0,122,jaguar,four,sedan,rwd,front,113,0.959154253,0.966666667,0.882943144,4066,dohc,six,258,mpfi,3.63,4.17,8.1,176,4750,15,12.36842105,35550,15.66666667,Medium,0,1
12179864,9000,28440,1338.75,Male,Retired,USA,0,122,jaguar,two,sedan,rwd,front,102,0.921191735,0.980555556,0.799331104,3950,ohcv,twelve,326,mpfi,3.54,2.76,11.5,262,5000,13,13.82352941,36000,18.07692308,High,0,1
12136962,24750,77702.4,4152.6,Male,Govt Job,Japan,1,104,mazda,two,hatchback,fwd,front,93.1,0.764536281,0.891666667,0.904682274,1890,ohc,four,91,2bbl,3.03,3.15,9,68,5000,30,7.580645161,5195,7.833333333,Low,0,1
12217931,18000,107820,3165.3,Male,Service,USA,1,104,mazda,two,hatchback,fwd,front,93.1,0.764536281,0.891666667,0.904682274,1900,ohc,four,91,2bbl,3.03,3.15,9,68,5000,31,6.184210526,6095,7.580645161,Low,0,1
12128804,17100,90000,2644.65,Female,Service,China,1,104,mazda,two,hatchback,fwd,front,93.1,0.764536281,0.891666667,0.904682274,1905,ohc,four,91,2bbl,3.03,3.15,9,68,5000,31,6.184210526,6795,7.580645161,Low,0,1
12197817,12600,28440,1601.1,Male,Retired,India,1,113,mazda,four,sedan,fwd,front,93.1,0.801537722,0.891666667,0.904682274,1945,ohc,four,91,2bbl,3.03,3.15,9,68,5000,31,6.184210526,6695,7.580645161,Low,0,1
12102829,6750,40500,1539.9,Male,Service,Japan,1,113,mazda,four,sedan,fwd,front,93.1,0.801537722,0.891666667,0.904682274,1950,ohc,four,91,2bbl,3.08,3.15,9,68,5000,31,6.184210526,7395,7.580645161,Low,0,1
12114200,54000,24750,1237.5,Female,Commercial,China,3,150,mazda,two,hatchback,rwd,front,95.3,0.812109563,0.9125,0.829431438,2380,rotor,two,70,4bbl,3.329751244,3.255422886,9.4,101,6000,17,10.2173913,10945,13.82352941,Low,0,1
12183711,22500,50326.65,4915.8,Male,Service,India,3,150,mazda,two,hatchback,rwd,front,95.3,0.812109563,0.9125,0.829431438,2380,rotor,two,70,4bbl,3.329751244,3.255422886,9.4,101,6000,17,10.2173913,11845,13.82352941,Low,0,1
12172556,11250,64008,3113.1,Male,Commercial,USA,3,150,mazda,two,hatchback,rwd,front,95.3,0.812109563,0.9125,0.829431438,2385,rotor,two,70,4bbl,3.329751244,3.255422886,9.4,101,6000,17,10.2173913,13645,13.82352941,Low,0,1
12183154,14400,21564,1681.65,Male,Service,Japan,3,150,mazda,two,hatchback,rwd,front,95.3,0.812109563,0.9125,0.829431438,2500,rotor,two,80,mpfi,3.329751244,3.255422886,9.4,135,6000,16,10.2173913,15645,14.6875,Medium,0,1
12218524,54000,39096,1996.2,Female,Retired,India,1,129,mazda,two,hatchback,fwd,front,98.8,0.854396925,0.923611111,0.897993311,2385,ohc,four,122,2bbl,3.39,3.39,8.6,84,4800,26,7.34375,8845,9.038461538,Low,0,1
12169979,11250,31276.8,1377.45,Male,Service,USA,0,115,mazda,four,sedan,fwd,front,98.8,0.854396925,0.923611111,0.928093645,2410,ohc,four,122,2bbl,3.39,3.39,8.6,84,4800,26,7.34375,8495,9.038461538,Low,0,1
12160926,12150,80865,2473.2,Male,Retired,China,1,129,mazda,two,hatchback,fwd,front,98.8,0.854396925,0.923611111,0.897993311,2385,ohc,four,122,2bbl,3.39,3.39,8.6,84,4800,26,7.34375,10595,9.038461538,Low,0,1
12121159,9000,90000,2631.6,Male,Service,USA,0,115,mazda,four,sedan,fwd,front,98.8,0.854396925,0.923611111,0.928093645,2410,ohc,four,122,2bbl,3.39,3.39,8.6,84,4800,26,7.34375,10245,9.038461538,Low,0,1
12113801,21600,112500,4779.45,Male,Service,USA,0,122,mazda,four,sedan,fwd,front,98.8,0.854396925,0.923611111,0.928093645,2443,ohc,four,122,idi,3.39,3.39,22.7,64,4650,36,5.595238095,10795,6.527777778,Low,1,0
12162884,13500,22500,2225.25,Male,Service,China,0,115,mazda,four,hatchback,fwd,front,98.8,0.854396925,0.923611111,0.928093645,2425,ohc,four,122,2bbl,3.39,3.39,8.6,84,4800,26,7.34375,11245,9.038461538,Low,0,1
12172063,13950,30600,1360.8,Male,Service,USA,0,118,mazda,four,sedan,rwd,front,104.9,0.840941855,0.918055556,0.909698997,2670,ohc,four,140,mpfi,3.76,3.16,8,120,5000,19,8.703703704,18280,12.36842105,Medium,0,1
12147722,24750,103500,3039.3,Male,Service,Japan,0,122,mazda,four,sedan,rwd,front,104.9,0.840941855,0.918055556,0.909698997,2700,ohc,four,134,idi,3.43,3.64,22,72,4200,31,6.025641026,18344,7.580645161,Low,1,0
12215412,11250,36000,2066.4,Male,Service,USA,-1,93,mercedes-benz,four,sedan,rwd,front,110,0.917347429,0.976388889,0.944816054,3515,ohc,five,183,idi,3.58,3.64,21.5,123,4350,22,9.4,25552,10.68181818,Medium,1,0
12128358,21600,41702.4,2275.2,Male,Service,China,-1,93,mercedes-benz,four,wagon,rwd,front,110,0.917347429,0.976388889,0.981605351,3750,ohc,five,183,idi,3.58,3.64,21.5,123,4350,22,9.4,28248,10.68181818,Medium,1,0
12121092,20250,123681.6,3616.2,Male,Service,India,0,93,mercedes-benz,two,hardtop,rwd,front,106.7,0.90100913,0.976388889,0.918060201,3495,ohc,five,183,idi,3.58,3.64,21.5,123,4350,22,9.4,28176,10.68181818,Medium,1,0
12111542,18000,221522.4,6361.65,Female,Govt Job,Japan,-1,93,mercedes-benz,four,sedan,rwd,front,115.6,0.973570399,0.995833333,0.941471572,3770,ohc,five,183,idi,3.58,3.64,21.5,123,4350,22,9.4,31600,10.68181818,Medium,1,0
12125863,6525,28440,1864.35,Male,Service,China,-1,122,mercedes-benz,four,sedan,rwd,front,115.6,0.973570399,0.995833333,0.944816054,3740,ohcv,eight,234,mpfi,3.46,3.1,8.3,155,4750,16,13.05555556,34184,14.6875,Medium,0,1
12115176,11250,27000,2848.05,Male,Retired,India,3,142,mercedes-benz,two,convertible,rwd,front,96.6,0.86641038,0.979166667,0.849498328,3685,ohcv,eight,234,mpfi,3.46,3.1,8.3,155,4750,16,13.05555556,35056,14.6875,Medium,0,1
12106543,11250,97038,3130.2,Female,Commercial,USA,0,122,mercedes-benz,four,sedan,rwd,front,120.9,1,0.995833333,0.948160535,3900,ohcv,eight,308,mpfi,3.8,3.35,8,184,4500,14,14.6875,40960,16.78571429,Medium,0,1
12191159,7650,24750,1237.5,Male,Retired,Japan,1,122,mercedes-benz,two,hardtop,rwd,front,112,0.9572321,1,0.926421405,3715,ohcv,eight,304,mpfi,3.8,3.35,8,184,4500,14,14.6875,45400,16.78571429,Medium,0,1
12139322,18000,36000,1800,Male,Commercial,India,1,122,mercury,two,hatchback,rwd,front,102.7,0.857280154,0.944444444,0.91638796,2910,ohc,four,140,mpfi,3.78,3.12,8,175,5000,19,9.791666667,16503,12.36842105,Medium,0,1
12119933,22500,14391,3130.2,Male,Commercial,USA,2,161,mitsubishi,two,hatchback,fwd,front,93.7,0.755886593,0.894444444,0.849498328,1918,ohc,four,92,2bbl,2.97,3.23,9.4,68,5500,37,5.731707317,5389,6.351351351,Low,0,1
12219323,13500,45000,2110.95,Male,Service,China,2,161,mitsubishi,two,hatchback,fwd,front,93.7,0.755886593,0.894444444,0.849498328,1944,ohc,four,92,2bbl,2.97,3.23,9.4,68,5500,31,6.184210526,6189,7.580645161,Low,0,1
12205360,15750,15750,1158.75,Female,Service,USA,2,161,mitsubishi,two,hatchback,fwd,front,93.7,0.755886593,0.894444444,0.849498328,2004,ohc,four,92,2bbl,2.97,3.23,9.4,68,5500,31,6.184210526,6669,7.580645161,Low,0,1
12141227,15750,125640,3686.4,Male,Service,USA,1,161,mitsubishi,two,hatchback,fwd,front,93,0.755886593,0.886111111,0.849498328,2145,ohc,four,98,spdi,3.03,3.39,7.6,102,5500,24,7.833333333,7689,9.791666667,Low,0,1
12165204,18000,168726.6,6885,Female,Service,China,3,153,mitsubishi,two,hatchback,fwd,front,96.3,0.831331091,0.908333333,0.826086957,2370,ohc,four,110,spdi,3.17,3.46,7.5,116,5500,23,7.833333333,9959,10.2173913,Low,0,1
12181435,13500,31410,1644.3,Male,Commercial,USA,3,153,mitsubishi,two,hatchback,fwd,front,96.3,0.831331091,0.908333333,0.826086957,2328,ohc,four,122,2bbl,3.35,3.46,8.5,88,5000,25,7.34375,8499,9.4,Low,0,1
12132473,18900,17064,1153.35,Female,Commercial,Japan,3,122,mitsubishi,two,hatchback,fwd,front,95.9,0.832292167,0.920833333,0.839464883,2833,ohc,four,156,spdi,3.58,3.86,7,145,5000,19,9.791666667,12629,12.36842105,Medium,0,1
12196486,18000,54504,1970.55,Male,Retired,USA,3,122,mitsubishi,two,hatchback,fwd,front,95.9,0.832292167,0.920833333,0.839464883,2921,ohc,four,156,spdi,3.59,3.86,7,145,5000,19,9.791666667,14869,12.36842105,Medium,0,1
12118447,8100,54000,2770.2,Male,Service,China,3,122,mitsubishi,two,hatchback,fwd,front,95.9,0.832292167,0.920833333,0.839464883,2926,ohc,four,156,spdi,3.59,3.86,7,145,5000,19,9.791666667,14489,12.36842105,Medium,0,1
12203037,18000,45000,2250,Male,Commercial,India,1,125,mitsubishi,four,sedan,fwd,front,96.3,0.828447862,0.908333333,0.862876254,2365,ohc,four,122,2bbl,3.35,3.46,8.5,88,5000,25,7.34375,6989,9.4,Low,0,1
12148399,16200,123681.6,3629.25,Male,Service,Japan,1,125,mitsubishi,four,sedan,fwd,front,96.3,0.828447862,0.908333333,0.862876254,2405,ohc,four,122,2bbl,3.35,3.46,8.5,88,5000,25,7.34375,8189,9.4,Low,0,1
12115142,7200,26100,1511.1,Male,Service,China,1,125,mitsubishi,four,sedan,fwd,front,96.3,0.828447862,0.908333333,0.862876254,2403,ohc,four,110,spdi,3.17,3.46,7.5,116,5500,23,7.833333333,9279,10.2173913,Low,0,1
12147105,9450,51856.2,2069.55,Male,Retired,India,-1,137,mitsubishi,four,sedan,fwd,front,96.3,0.828447862,0.908333333,0.862876254,2403,ohc,four,110,spdi,3.17,3.46,7.5,116,5500,23,7.833333333,9279,10.2173913,Low,0,1
12135345,7560,28670.4,1745.55,Male,Retired,USA,1,128,nissan,two,sedan,fwd,front,94.5,0.794329649,0.886111111,0.911371237,1889,ohc,four,97,2bbl,3.15,3.29,9.4,69,5200,31,6.351351351,5499,7.580645161,Low,0,1
12127656,22050,129350.25,3794.85,Male,Service,Japan,1,128,nissan,two,sedan,fwd,front,94.5,0.794329649,0.886111111,0.911371237,2017,ohc,four,103,idi,2.99,3.47,21.9,55,4800,45,4.7,7099,5.222222222,Low,1,0
12122615,27000,52128,1998.45,Female,Commercial,India,1,128,nissan,two,sedan,fwd,front,94.5,0.794329649,0.886111111,0.911371237,1918,ohc,four,97,2bbl,3.15,3.29,9.4,69,5200,31,6.351351351,6649,7.580645161,Low,0,1
12114196,9900,24750,1021.05,Female,Service,USA,1,122,nissan,four,sedan,fwd,front,94.5,0.794329649,0.886111111,0.911371237,1938,ohc,four,97,2bbl,3.15,3.29,9.4,69,5200,31,6.351351351,6849,7.580645161,Low,0,1
12174291,18000,49182.3,2291.85,Female,Service,China,1,103,nissan,four,wagon,fwd,front,94.5,0.817876021,0.886111111,0.894648829,2024,ohc,four,97,2bbl,3.15,3.29,9.4,69,5200,31,6.351351351,7349,7.580645161,Low,0,1
12104416,9000,15282,1658.7,Male,Service,USA,1,128,nissan,two,sedan,fwd,front,94.5,0.794329649,0.886111111,0.911371237,1951,ohc,four,97,2bbl,3.15,3.29,9.4,69,5200,31,6.351351351,7299,7.580645161,Low,0,1
12199861,19350,67500,2615.4,Male,Commercial,USA,1,128,nissan,two,hatchback,fwd,front,94.5,0.795771264,0.886111111,0.891304348,2028,ohc,four,97,2bbl,3.15,3.29,9.4,69,5200,31,6.351351351,7799,7.580645161,Low,0,1
12121870,27000,76022.55,3233.7,Female,Service,China,1,122,nissan,four,sedan,fwd,front,94.5,0.794329649,0.886111111,0.911371237,1971,ohc,four,97,2bbl,3.15,3.29,9.4,69,5200,31,6.351351351,7499,7.580645161,Low,0,1
12192978,13500,22500,2362.5,Female,Commercial,USA,1,103,nissan,four,wagon,fwd,front,94.5,0.817876021,0.886111111,0.894648829,2037,ohc,four,97,2bbl,3.15,3.29,9.4,69,5200,31,6.351351351,7999,7.580645161,Low,0,1
12200098,15750,128835,3780,Male,Commercial,Japan,2,168,nissan,two,hardtop,fwd,front,95.1,0.780394041,0.886111111,0.891304348,2008,ohc,four,97,2bbl,3.15,3.29,9.4,69,5200,31,6.351351351,8249,7.580645161,Low,0,1
12165536,9000,90568.8,2402.1,Male,Service,USA,0,106,nissan,four,hatchback,fwd,front,97.2,0.833253244,0.905555556,0.914715719,2324,ohc,four,120,2bbl,3.33,3.47,8.5,97,5200,27,6.911764706,8949,8.703703704,Low,0,1
12102535,18000,34826.4,1833.75,Male,Retired,China,0,106,nissan,four,sedan,fwd,front,97.2,0.833253244,0.905555556,0.914715719,2302,ohc,four,120,2bbl,3.33,3.47,8.5,97,5200,27,6.911764706,9549,8.703703704,Low,0,1
12118605,13500,54449.1,1769.4,Male,Service,India,0,128,nissan,four,sedan,fwd,front,100.4,0.873137914,0.923611111,0.921404682,3095,ohcv,six,181,mpfi,3.43,3.27,9,152,5200,17,10.68181818,13499,13.82352941,Medium,0,1
12209197,9000,50849.55,3424.95,Male,Retired,Japan,0,108,nissan,four,wagon,fwd,front,100.4,0.887073522,0.923611111,0.93812709,3296,ohcv,six,181,mpfi,3.43,3.27,9,152,5200,17,10.68181818,14399,13.82352941,Medium,0,1
12196170,20250,33192,1813.5,Male,Govt Job,China,0,108,nissan,four,sedan,fwd,front,100.4,0.887073522,0.923611111,0.921404682,3060,ohcv,six,181,mpfi,3.43,3.27,9,152,5200,19,9.4,13499,12.36842105,Medium,0,1
12103426,22500,58846.5,3017.7,Female,Service,India,3,194,nissan,two,hatchback,rwd,front,91.3,0.820278712,0.943055556,0.831103679,3071,ohcv,six,181,mpfi,3.43,3.27,9,160,5200,19,9.4,17199,12.36842105,Medium,0,1
12127046,27000,53366.85,4003.2,Female,Commercial,USA,3,194,nissan,two,hatchback,rwd,front,91.3,0.820278712,0.943055556,0.831103679,3139,ohcv,six,181,mpfi,3.43,3.27,7.8,200,5200,17,10.2173913,19699,13.82352941,High,0,1
12172658,11250,13500,1467,Female,Service,Japan,1,231,nissan,two,hatchback,rwd,front,99.2,0.857760692,0.943055556,0.831103679,3139,ohcv,six,181,mpfi,3.43,3.27,9,160,5200,19,9.4,18399,12.36842105,Medium,0,1
12158886,27000,55380.6,2677.05,Male,Retired,India,0,161,peugot,four,sedan,rwd,front,107.9,0.897164825,0.95,0.948160535,3020,l,four,120,mpfi,3.46,3.19,8.4,97,5000,19,9.791666667,11900,12.36842105,Low,0,1
12167610,13500,15282,1737,Male,Service,USA,0,161,peugot,four,sedan,rwd,front,107.9,0.897164825,0.95,0.948160535,3197,l,four,152,idi,3.7,3.52,21,95,4150,28,7.121212121,13200,8.392857143,Low,1,0
12143284,18000,75519,2889.45,Male,Govt Job,China,0,122,peugot,four,wagon,rwd,front,114.2,0.955790485,0.95,0.981605351,3230,l,four,120,mpfi,3.46,3.19,8.4,97,5000,19,9.791666667,12440,12.36842105,Low,0,1
12134948,11250,22500,1804.05,Female,Service,USA,0,122,peugot,four,wagon,rwd,front,114.2,0.955790485,0.95,0.981605351,3430,l,four,152,idi,3.7,3.52,21,95,4150,25,9.4,13860,9.4,Low,1,0
12126145,18000,59256,3593.7,Female,Service,USA,0,161,peugot,four,sedan,rwd,front,107.9,0.897164825,0.95,0.948160535,3075,l,four,120,mpfi,3.46,2.19,8.4,95,5000,19,9.791666667,15580,12.36842105,Low,0,1
12134016,36000,27450,1847.25,Female,Govt Job,China,0,161,peugot,four,sedan,rwd,front,107.9,0.897164825,0.95,0.948160535,3252,l,four,152,idi,3.7,3.52,21,95,4150,28,7.121212121,16900,8.392857143,Low,1,0
12209812,11250,45000,2188.8,Male,Service,USA,0,122,peugot,four,wagon,rwd,front,114.2,0.955790485,0.95,0.948160535,3285,l,four,120,mpfi,3.46,2.19,8.4,95,5000,19,9.791666667,16695,12.36842105,Low,0,1
12104925,6750,20250,1012.5,Male,Service,Japan,0,122,peugot,four,wagon,rwd,front,114.2,0.955790485,0.95,0.981605351,3485,l,four,152,idi,3.7,3.52,21,95,4150,25,9.4,17075,9.4,Low,1,0
12208375,36000,90000,2741.85,Male,Service,USA,0,161,peugot,four,sedan,rwd,front,107.9,0.897164825,0.95,0.948160535,3075,l,four,120,mpfi,3.46,3.19,8.4,97,5000,19,9.791666667,16630,12.36842105,Low,0,1
12219672,9000,70083,2061.9,Male,Service,China,0,161,peugot,four,sedan,rwd,front,107.9,0.897164825,0.95,0.948160535,3252,l,four,152,idi,3.7,3.52,21,95,4150,28,7.121212121,17950,8.392857143,Low,1,0
12217587,21600,42245.1,2067.75,Male,Service,India,0,161,peugot,four,sedan,rwd,front,108,0.897164825,0.948611111,0.936454849,3130,l,four,134,mpfi,3.61,3.21,7,142,5600,18,9.791666667,18150,13.05555556,Medium,0,1
12220599,9000,66494.7,2401.2,Male,Service,Japan,1,119,plymouth,two,hatchback,fwd,front,93.7,0.755886593,0.886111111,0.849498328,1918,ohc,four,90,2bbl,2.97,3.23,9.4,68,5500,37,5.731707317,5572,6.351351351,Low,0,1
12191036,20250,45000,2441.25,Female,Service,China,1,119,plymouth,two,hatchback,fwd,front,93.7,0.755886593,0.886111111,0.849498328,2128,ohc,four,98,spdi,3.03,3.39,7.6,102,5500,24,7.833333333,7957,9.791666667,Low,0,1
12145205,9000,24727.5,1758.6,Male,Retired,India,1,154,plymouth,four,hatchback,fwd,front,93.7,0.755886593,0.886111111,0.846153846,1967,ohc,four,90,2bbl,2.97,3.23,9.4,68,5500,31,6.184210526,6229,7.580645161,Low,0,1
12103508,12600,29628,1906.2,Female,Service,USA,1,154,plymouth,four,sedan,fwd,front,93.7,0.803940413,0.886111111,0.849498328,1989,ohc,four,90,2bbl,2.97,3.23,9.4,68,5500,31,6.184210526,6692,7.580645161,Low,0,1
12159408,11250,30146.4,2394.9,Female,Service,Japan,1,154,plymouth,four,sedan,fwd,front,93.7,0.803940413,0.886111111,0.849498328,2191,ohc,four,98,2bbl,2.97,3.23,9.4,68,5500,31,6.184210526,7609,7.580645161,Low,0,1
12152611,18000,131400.45,4355.55,Female,Commercial,India,-1,74,plymouth,four,wagon,fwd,front,103.3,0.839019702,0.897222222,1,2535,ohc,four,122,2bbl,3.35,3.46,8.5,88,5000,24,7.833333333,8921,9.791666667,Low,0,1
12181838,12150,19554.3,1209.15,Male,Retired,USA,3,122,plymouth,two,hatchback,rwd,front,95.9,0.832292167,0.920833333,0.839464883,2818,ohc,four,156,spdi,3.59,3.86,7,145,5000,19,9.791666667,12764,12.36842105,Medium,0,1
12150234,27000,64008,2997,Female,Service,China,3,186,porsche,two,hatchback,rwd,front,94.5,0.811629025,0.948611111,0.839464883,2778,ohc,four,151,mpfi,3.94,3.11,9.5,143,5500,19,8.703703704,22018,12.36842105,Medium,0,1
12132704,8100,9169.2,539.1,Male,Govt Job,USA,3,122,porsche,two,hardtop,rwd,rear,89.5,0.811629025,0.902777778,0.862876254,2756,ohcf,six,194,mpfi,3.74,2.9,9.5,207,5900,17,9.4,32528,13.82352941,High,0,1
12107566,15750,45000,2943,Female,Service,USA,3,122,porsche,two,hardtop,rwd,rear,89.5,0.811629025,0.902777778,0.862876254,2756,ohcf,six,194,mpfi,3.74,2.9,9.5,207,5900,17,9.4,34028,13.82352941,High,0,1
12147279,18000,9169.2,3207.6,Female,Commercial,China,3,122,porsche,two,convertible,rwd,rear,89.5,0.811629025,0.902777778,0.862876254,2800,ohcf,six,194,mpfi,3.74,2.9,9.5,207,5900,17,9.4,37028,13.82352941,High,0,1
12210150,18000,27000,724.95,Male,Service,USA,0,122,renault,four,wagon,fwd,front,96.1,0.872176838,0.923611111,0.923076923,2579,ohc,four,132,mpfi,3.46,3.9,8.7,104,5125.369458,23,7.580645161,9295,10.2173913,Low,0,1
12191986,13500,18000,900,Female,Commercial,Japan,2,122,renault,two,hatchback,fwd,front,96.1,0.849591543,0.925,0.844481605,2460,ohc,four,132,mpfi,3.46,3.9,8.7,104,5125.369458,23,7.580645161,9895,10.2173913,Low,0,1
12180256,20250,78192,3299.85,Female,Service,USA,3,150,saab,two,hatchback,fwd,front,99.1,0.896684286,0.923611111,0.93812709,2658,ohc,four,121,mpfi,3.54,3.07,9.31,110,5250,21,8.392857143,11850,11.19047619,Low,0,1
12135408,18000,125865,2572.65,Male,Retired,China,2,104,saab,four,sedan,fwd,front,99.1,0.896684286,0.923611111,0.93812709,2695,ohc,four,121,mpfi,3.54,3.07,9.3,110,5250,21,8.392857143,12170,11.19047619,Low,0,1
12134312,15750,55848.6,2988.45,Female,Service,India,3,150,saab,two,hatchback,fwd,front,99.1,0.896684286,0.923611111,0.93812709,2707,ohc,four,121,mpfi,2.54,2.07,9.3,110,5250,21,8.392857143,15040,11.19047619,Low,0,1
12107672,18000,31276.8,1709.55,Female,Service,Japan,2,104,saab,four,sedan,fwd,front,99.1,0.896684286,0.923611111,0.93812709,2758,ohc,four,121,mpfi,3.54,3.07,9.3,110,5250,21,8.392857143,15510,11.19047619,Low,0,1
12208590,18000,83538,4032,Male,Service,China,3,150,saab,two,hatchback,fwd,front,99.1,0.896684286,0.923611111,0.93812709,2808,dohc,four,121,mpfi,3.54,3.07,9,160,5500,19,9.038461538,18150,12.36842105,Medium,0,1
12104322,13500,33750,1830.6,Female,Service,India,2,104,saab,four,sedan,fwd,front,99.1,0.896684286,0.923611111,0.93812709,2847,dohc,four,121,mpfi,3.54,3.07,9,160,5500,19,9.038461538,18620,12.36842105,Medium,0,1
12190348,54000,83538,2250,Male,Commercial,USA,2,83,subaru,two,hatchback,fwd,front,93.7,0.75396444,0.880555556,0.897993311,2050,ohcf,four,97,2bbl,3.62,2.36,9,69,4900,31,6.527777778,5118,7.580645161,Low,0,1
12123222,45000,102474,5571.9,Male,Retired,Japan,2,83,subaru,two,hatchback,fwd,front,93.7,0.758769822,0.883333333,0.897993311,2120,ohcf,four,108,2bbl,3.62,2.64,8.7,73,4400,26,7.580645161,7053,9.038461538,Low,0,1
12151297,13500,34650,2477.25,Male,Commercial,India,2,83,subaru,two,hatchback,4wd,front,93.3,0.755886593,0.886111111,0.931438127,2240,ohcf,four,108,2bbl,3.62,2.64,8.7,73,4400,26,7.580645161,7603,9.038461538,Low,0,1
12195088,18900,27363.6,2174.85,Male,Govt Job,USA,0,102,subaru,four,sedan,fwd,front,97.2,0.826525709,0.908333333,0.877926421,2145,ohcf,four,108,2bbl,3.62,2.64,9.5,82,4800,32,6.351351351,7126,7.34375,Low,0,1
12142023,11700,20885.4,1663.2,Male,Service,China,0,102,subaru,four,sedan,fwd,front,97.2,0.826525709,0.908333333,0.877926421,2190,ohcf,four,108,2bbl,3.62,2.64,9.5,82,4400,28,7.121212121,7775,8.392857143,Low,0,1
12163769,13500,48149.55,3364.2,Male,Retired,USA,0,102,subaru,four,sedan,fwd,front,97.2,0.826525709,0.908333333,0.877926421,2340,ohcf,four,108,mpfi,3.62,2.64,9,94,5200,26,7.34375,9960,9.038461538,Low,0,1
12174851,36000,83904.3,5839.65,Male,Commercial,USA,0,102,subaru,four,sedan,4wd,front,97,0.826525709,0.908333333,0.908026756,2385,ohcf,four,108,2bbl,3.62,2.64,9,82,4800,24,9.4,9233,9.791666667,Low,0,1
12191114,40050,112859.55,3312.9,Male,Retired,China,0,102,subaru,four,sedan,4wd,front,97,0.826525709,0.908333333,0.908026756,2510,ohcf,four,108,mpfi,3.62,2.64,7.7,111,4800,24,8.103448276,11259,9.791666667,Low,0,1
12216862,9900,53910,2756.25,Male,Service,USA,0,89,subaru,four,wagon,fwd,front,97,0.833733782,0.908333333,0.886287625,2290,ohcf,four,108,2bbl,3.62,2.64,9,82,4800,28,7.34375,7463,8.392857143,Low,0,1
12131669,40050,49752,4859.55,Male,Retired,Japan,0,89,subaru,four,wagon,fwd,front,97,0.833733782,0.908333333,0.886287625,2455,ohcf,four,108,mpfi,3.62,2.64,9,94,5200,25,7.580645161,10198,9.4,Low,0,1
12151669,8100,70083,2273.85,Male,Service,USA,0,85,subaru,four,wagon,4wd,front,96.9,0.83421432,0.908333333,0.918060201,2420,ohcf,four,108,2bbl,3.62,2.64,9,82,4800,23,8.103448276,8013,10.2173913,Low,0,1
12131886,22500,45000,2188.8,Male,Service,China,0,85,subaru,four,wagon,4wd,front,96.9,0.83421432,0.908333333,0.918060201,2650,ohcf,four,108,mpfi,3.62,2.64,7.7,111,4800,23,10.2173913,11694,10.2173913,Low,0,1
12219355,20250,54000,2700,Female,Commercial,India,1,87,toyota,two,hatchback,fwd,front,95.7,0.762614128,0.883333333,0.911371237,1985,ohc,four,92,2bbl,3.05,3.03,9,62,4800,35,6.025641026,5348,6.714285714,Low,0,1
12140534,20250,114906.6,3620.7,Female,Retired,Japan,1,87,toyota,two,hatchback,fwd,front,95.7,0.762614128,0.883333333,0.911371237,2040,ohc,four,92,2bbl,3.05,3.03,9,62,4800,31,6.184210526,6338,7.580645161,Low,0,1
12184221,11250,27363.6,1761.75,Male,Service,China,1,74,toyota,four,hatchback,fwd,front,95.7,0.762614128,0.883333333,0.911371237,2015,ohc,four,92,2bbl,3.05,3.03,9,62,4800,31,6.184210526,6488,7.580645161,Low,0,1
12142839,18000,36738.9,1780.2,Male,Govt Job,India,0,77,toyota,four,wagon,fwd,front,95.7,0.81547333,0.883333333,0.988294314,2280,ohc,four,92,2bbl,3.05,3.03,9,62,4800,31,6.351351351,6918,7.580645161,Low,0,1
12210912,31500,84874.5,4617.45,Male,Commercial,USA,0,81,toyota,four,wagon,4wd,front,95.7,0.81547333,0.883333333,0.988294314,2290,ohc,four,92,2bbl,3.05,3.03,9,62,4800,27,7.34375,7898,8.703703704,Low,0,1
12203996,11250,22500,1516.5,Male,Service,Japan,0,91,toyota,four,wagon,4wd,front,95.7,0.81547333,0.883333333,0.988294314,3110,ohc,four,92,2bbl,3.05,3.03,9,62,4800,27,7.34375,8778,8.703703704,Low,0,1
12217763,10350,80865,2377.35,Male,Retired,India,0,91,toyota,four,sedan,fwd,front,95.7,0.799135031,0.894444444,0.886287625,2081,ohc,four,98,2bbl,3.19,3.03,9,70,4800,30,6.351351351,6938,7.833333333,Low,0,1
12142514,11700,42300,1128.6,Female,Service,USA,0,91,toyota,four,hatchback,fwd,front,95.7,0.799135031,0.894444444,0.882943144,2109,ohc,four,98,2bbl,3.19,3.03,9,70,4800,30,6.351351351,7198,7.833333333,Low,0,1
12100750,27000,40500,2025,Female,Govt Job,China,0,91,toyota,four,sedan,fwd,front,95.7,0.799135031,0.894444444,0.886287625,2275,ohc,four,110,idi,3.27,3.35,22.5,56,4500,34,6.527777778,7898,6.911764706,Low,1,0
12194040,30600,80865,2377.35,Male,Retired,USA,0,91,toyota,four,hatchback,fwd,front,95.7,0.799135031,0.894444444,0.882943144,2275,ohc,four,110,idi,3.27,3.35,22.5,56,4500,38,5,7788,6.184210526,Low,1,0
12183982,9000,11944.8,790.65,Male,Service,USA,0,91,toyota,four,sedan,fwd,front,95.7,0.799135031,0.894444444,0.886287625,2094,ohc,four,98,2bbl,3.19,3.03,9,70,4800,38,5,7738,6.184210526,Low,0,1
12167399,11250,83021.4,2941.2,Male,Commercial,China,0,91,toyota,four,hatchback,fwd,front,95.7,0.799135031,0.894444444,0.882943144,2122,ohc,four,98,2bbl,3.19,3.03,9,70,4800,28,6.911764706,8358,8.392857143,Low,0,1
12113413,11250,112500,4474.8,Male,Service,USA,0,91,toyota,four,sedan,fwd,front,95.7,0.799135031,0.894444444,0.882943144,2140,ohc,four,98,2bbl,3.19,3.03,9,70,4800,28,6.911764706,9258,8.392857143,Low,0,1
12104033,22500,55255.5,2834.1,Male,Commercial,Japan,1,168,toyota,two,sedan,rwd,front,94.5,0.810667948,0.888888889,0.879598662,2169,ohc,four,98,2bbl,3.19,3.03,9,70,4800,29,6.911764706,8058,8.103448276,Low,0,1
12100901,13500,45000,2164.95,Male,Retired,USA,1,168,toyota,two,hatchback,rwd,front,94.5,0.810667948,0.888888889,0.879598662,2204,ohc,four,98,2bbl,3.19,3.03,9,70,4800,29,6.911764706,8238,8.103448276,Low,0,1
12170397,18000,48149.55,3351.15,Male,Service,China,1,168,toyota,two,sedan,rwd,front,94.5,0.810667948,0.888888889,0.879598662,2265,dohc,four,98,mpfi,3.24,3.08,9.4,112,6600,26,8.103448276,9298,9.038461538,Low,0,1
12191240,11700,45000,1951.65,Male,Service,India,1,168,toyota,two,hatchback,rwd,front,94.5,0.810667948,0.888888889,0.879598662,2300,dohc,four,98,mpfi,3.24,3.08,9.4,112,6600,26,8.103448276,9538,9.038461538,Low,0,1
12210530,2790,38152.8,697.95,Male,Service,Japan,2,134,toyota,two,hardtop,rwd,front,98.4,0.846708313,0.911111111,0.869565217,2540,ohc,four,146,mpfi,3.62,3.5,9.3,116,4800,24,7.833333333,8449,9.791666667,Low,0,1
12112798,18000,64045.8,3283.2,Female,Service,China,2,134,toyota,two,hardtop,rwd,front,98.4,0.846708313,0.911111111,0.869565217,2536,ohc,four,146,mpfi,3.62,3.5,9.3,116,4800,24,7.833333333,9639,9.791666667,Low,0,1
12174988,11250,135000,4474.8,Male,Retired,India,2,134,toyota,two,hatchback,rwd,front,98.4,0.846708313,0.911111111,0.869565217,2551,ohc,four,146,mpfi,3.62,3.5,9.3,116,4800,24,7.833333333,9989,9.791666667,Low,0,1
12204754,6750,6622.2,667.8,Male,Retired,USA,2,134,toyota,two,hardtop,rwd,front,98.4,0.846708313,0.911111111,0.869565217,2679,ohc,four,146,mpfi,3.62,3.5,9.3,116,4800,24,7.833333333,11199,9.791666667,Low,0,1
12210777,11250,38700,1895.4,Female,Service,Japan,2,134,toyota,two,hatchback,rwd,front,98.4,0.846708313,0.911111111,0.869565217,2714,ohc,four,146,mpfi,3.62,3.5,9.3,116,4800,24,7.833333333,11549,9.791666667,Low,0,1
12151447,24750,75519,4474.8,Male,Commercial,India,2,134,toyota,two,convertible,rwd,front,98.4,0.846708313,0.911111111,0.886287625,2975,ohc,four,146,mpfi,3.62,3.5,9.3,116,4800,24,7.833333333,17669,9.791666667,Low,0,1
12116050,11250,81404.1,2393.1,Male,Retired,USA,-1,65,toyota,four,sedan,fwd,front,102.4,0.843825084,0.923611111,0.918060201,2326,ohc,four,122,mpfi,3.31,3.54,8.7,92,4200,29,6.911764706,8948,8.103448276,Low,0,1
12100366,14400,33792.3,1656.45,Female,Service,China,-1,65,toyota,four,sedan,fwd,front,102.4,0.843825084,0.923611111,0.918060201,2480,ohc,four,110,idi,3.27,3.35,22.5,73,4500,30,7.121212121,10698,7.833333333,Low,1,0
12118002,18000,50367.6,2745.45,Female,Commercial,USA,-1,65,toyota,four,hatchback,fwd,front,102.4,0.843825084,0.923611111,0.901337793,2414,ohc,four,122,mpfi,3.31,3.54,8.7,92,4200,27,7.34375,9988,8.703703704,Low,0,1
12208625,22500,160927.2,4612.05,Male,Commercial,USA,-1,65,toyota,four,sedan,fwd,front,102.4,0.843825084,0.923611111,0.918060201,2414,ohc,four,122,mpfi,3.31,3.54,8.7,92,4200,27,7.34375,10898,8.703703704,Low,0,1
12186954,14400,30942,1517.85,Male,Commercial,China,-1,65,toyota,four,hatchback,fwd,front,102.4,0.843825084,0.923611111,0.901337793,2458,ohc,four,122,mpfi,3.31,3.54,8.7,92,4200,27,7.34375,11248,8.703703704,Low,0,1
12202342,27000,63133.2,3220.2,Female,Retired,USA,3,197,toyota,two,hatchback,rwd,front,102.9,0.881787602,0.940277778,0.869565217,2976,dohc,six,171,mpfi,3.27,3.35,9.3,161,5200,20,9.791666667,16558,11.75,Medium,0,1
12141593,29700,33183.45,1707.3,Male,Service,Japan,3,197,toyota,two,hatchback,rwd,front,102.9,0.881787602,0.940277778,0.869565217,3016,dohc,six,171,mpfi,3.27,3.35,9.3,161,5200,19,9.791666667,15998,12.36842105,Medium,0,1
12154722,45000,53905.95,4271.85,Male,Commercial,USA,-1,90,toyota,four,sedan,rwd,front,104.5,0.902450745,0.923611111,0.904682274,3131,dohc,six,171,mpfi,3.27,3.35,9.2,156,5200,20,9.791666667,15690,11.75,Medium,0,1
12202193,15750,24750,1237.5,Male,Service,China,-1,122,toyota,four,wagon,rwd,front,104.5,0.902450745,0.923611111,0.904682274,3151,dohc,six,161,mpfi,3.27,3.35,9.2,156,5200,19,9.791666667,15750,12.36842105,Medium,0,1
12208579,11700,35553.6,1828.35,Male,Service,India,2,122,volkswagen,two,sedan,fwd,front,97.3,0.825084094,0.909722222,0.931438127,2261,ohc,four,97,idi,3.01,3.4,23,52,4800,37,5.108695652,7775,6.351351351,Low,1,0
12165994,9450,35324.1,2040.75,Female,Retired,Japan,2,122,volkswagen,two,sedan,fwd,front,97.3,0.825084094,0.909722222,0.931438127,2209,ohc,four,109,mpfi,3.19,3.4,9,85,5250,27,6.911764706,7975,8.703703704,Low,0,1
12175611,15750,38152.8,560.25,Male,Govt Job,China,2,94,volkswagen,four,sedan,fwd,front,97.3,0.825084094,0.909722222,0.931438127,2264,ohc,four,97,idi,3.01,3.4,23,52,4800,37,5.108695652,7995,6.351351351,Low,1,0
12100205,6750,18000,900,Male,Service,India,2,94,volkswagen,four,sedan,fwd,front,97.3,0.825084094,0.909722222,0.931438127,2212,ohc,four,109,mpfi,3.19,3.4,9,85,5250,27,6.911764706,8195,8.703703704,Low,0,1
12201745,31365,51206.4,1943.1,Female,Commercial,USA,2,94,volkswagen,four,sedan,fwd,front,97.3,0.825084094,0.909722222,0.931438127,2275,ohc,four,109,mpfi,3.19,3.4,9,85,5250,27,6.911764706,8495,8.703703704,Low,0,1
12140245,11250,67500,560.25,Male,Service,Japan,2,94,volkswagen,four,sedan,fwd,front,97.3,0.825084094,0.909722222,0.931438127,2319,ohc,four,97,idi,3.01,3.4,23,68,4500,37,5.595238095,9495,6.351351351,Low,1,0
12197171,22500,33300,2643.75,Female,Commercial,India,2,94,volkswagen,four,sedan,fwd,front,97.3,0.825084094,0.909722222,0.931438127,2300,ohc,four,109,mpfi,3.19,3.4,10,100,5500,26,7.34375,9995,9.038461538,Low,0,1
12111716,15750,49752,3337.65,Male,Commercial,USA,3,122,volkswagen,two,convertible,fwd,front,94.5,0.765497357,0.891666667,0.929765886,2254,ohc,four,109,mpfi,3.19,3.4,8.5,90,5500,24,8.103448276,11595,9.791666667,Low,0,1
12111341,9000,45000,2201.85,Male,Service,China,3,256,volkswagen,two,hatchback,fwd,front,94.5,0.796251802,0.888888889,0.859531773,2221,ohc,four,109,mpfi,3.19,3.4,8.5,90,5500,24,8.103448276,9980,9.791666667,Low,0,1
12179896,22500,20628,1016.1,Male,Service,USA,0,122,volkswagen,four,sedan,fwd,front,100.4,0.865929841,0.929166667,0.921404682,2661,ohc,five,136,mpfi,3.19,3.4,8.5,110,5500,19,9.791666667,13295,12.36842105,Low,0,1
12143286,17100,27000,1451.25,Female,Retired,USA,0,122,volkswagen,four,sedan,fwd,front,100.4,0.865929841,0.929166667,0.921404682,2579,ohc,four,97,idi,3.01,3.4,23,68,4500,33,6.184210526,13845,7.121212121,Low,1,0
12159662,15750,57340.8,2072.7,Female,Service,China,0,122,volkswagen,four,wagon,fwd,front,100.4,0.879865449,0.929166667,0.921404682,2563,ohc,four,109,mpfi,3.19,3.4,9,88,5500,25,7.580645161,12290,9.4,Low,0,1
12178498,18000,27370.8,3095.55,Female,Govt Job,USA,-2,103,volvo,four,sedan,rwd,front,104.3,0.907256127,0.933333333,0.939799331,2912,ohc,four,141,mpfi,3.78,3.15,9.5,114,5400,23,8.392857143,12940,10.2173913,Low,0,1
12200910,9000,67500,2628.45,Male,Retired,Japan,-1,74,volvo,four,wagon,rwd,front,104.3,0.907256127,0.933333333,0.961538462,3034,ohc,four,141,mpfi,3.78,3.15,9.5,114,5400,23,8.392857143,13415,10.2173913,Low,0,1
12209860,20250,35553.6,1874.25,Female,Commercial,USA,-2,103,volvo,four,sedan,rwd,front,104.3,0.907256127,0.933333333,0.939799331,2935,ohc,four,141,mpfi,3.78,3.15,9.5,114,5400,24,8.392857143,15985,9.791666667,Low,0,1
12137612,8100,13500,675,Male,Service,China,-1,74,volvo,four,wagon,rwd,front,104.3,0.907256127,0.933333333,0.961538462,3042,ohc,four,141,mpfi,3.78,3.15,9.5,114,5400,24,8.392857143,16515,9.791666667,Low,0,1
12185973,13500,90000,2903.4,Male,Commercial,India,-2,103,volvo,four,sedan,rwd,front,104.3,0.907256127,0.933333333,0.939799331,3045,ohc,four,130,mpfi,3.62,3.15,7.5,162,5100,17,10.68181818,18420,13.82352941,Medium,0,1
12106834,13500,80865,2364.3,Male,Service,Japan,-1,74,volvo,four,wagon,rwd,front,104.3,0.907256127,0.933333333,0.961538462,3157,ohc,four,130,mpfi,3.62,3.15,7.5,162,5100,17,10.68181818,18950,13.82352941,Medium,0,1
12180084,9000,25470,1640.7,Male,Retired,China,-1,95,volvo,four,sedan,rwd,front,109.1,0.907256127,0.956944444,0.928093645,2952,ohc,four,141,mpfi,3.78,3.15,9.5,114,5400,23,8.392857143,16845,10.2173913,Low,0,1
12157263,9000,60147,2906.55,Male,Retired,India,-1,95,volvo,four,sedan,rwd,front,109.1,0.907256127,0.955555556,0.928093645,3049,ohc,four,141,mpfi,3.78,3.15,8.7,160,5300,19,9.4,19045,12.36842105,Medium,0,1
12135325,12150,25470,1658.25,Male,Service,USA,-1,95,volvo,four,sedan,rwd,front,109.1,0.907256127,0.956944444,0.928093645,3012,ohcv,six,173,mpfi,3.58,2.87,8.8,134,5500,18,10.2173913,21485,13.05555556,Medium,0,1
12104177,13500,27000,1350,Female,Service,Japan,-1,95,volvo,four,sedan,rwd,front,109.1,0.907256127,0.956944444,0.928093645,3217,ohc,six,145,idi,3.01,3.4,23,106,4800,26,8.703703704,22470,9.038461538,Low,1,0
12159457,17100,46328.4,2266.2,Male,Service,India,-1,95,volvo,four,sedan,rwd,front,109.1,0.907256127,0.956944444,0.928093645,3062,ohc,four,141,mpfi,3.78,3.15,9.5,114,5400,19,9.4,22625,12.36842105,Low,0,1